{"num_unique": 219, "min": 0.0, "max": 347.0, "most common": 128.0, "mean": 125.95152669735937, "median": 128.0, "std": 36.06161314703351}