{"num_unique": 66, "min": 1, "max": 136, "most common": 8, "mean": 11.283378314018098, "median": 8.0, "std": 6.18325185818507}