{"num_unique": 316, "min": 0, "max": 792, "most common": 0, "mean": 52.92496163412182, "median": 46.0, "std": 42.135802038031976}