{"num_unique": 148, "min": 0, "max": 320, "most common": 8, "mean": 17.188707202201407, "median": 14.0, "std": 15.200992519526924}